"","newx","mle"
"1",-4,0
"2",-3.99642224426308,0
"3",-3.99284448852616,0
"4",-3.98926673278924,0
"5",-3.98568897705232,0
"6",-3.98211122131541,0
"7",-3.97853346557849,0
"8",-3.97495570984157,0
"9",-3.97137795410465,0
"10",-3.96780019836773,0
"11",-3.96422244263081,0
"12",-3.96064468689389,0
"13",-3.95706693115697,0
"14",-3.95348917542006,0
"15",-3.94991141968314,0
"16",-3.94633366394622,0
"17",-3.9427559082093,0
"18",-3.93917815247238,0
"19",-3.93560039673546,0
"20",-3.93202264099854,0
"21",-3.92844488526162,0
"22",-3.9248671295247,0
"23",-3.92128937378779,0
"24",-3.91771161805087,0
"25",-3.91413386231395,0
"26",-3.91055610657703,0
"27",-3.90697835084011,0
"28",-3.90340059510319,0
"29",-3.89982283936627,0
"30",-3.89624508362935,0
"31",-3.89266732789243,0
"32",-3.88908957215552,0
"33",-3.8855118164186,0
"34",-3.88193406068168,0
"35",-3.87835630494476,0
"36",-3.87477854920784,0
"37",-3.87120079347092,0
"38",-3.867623037734,0
"39",-3.86404528199708,0
"40",-3.86046752626017,0
"41",-3.85688977052325,0
"42",-3.85331201478633,0
"43",-3.84973425904941,0
"44",-3.84615650331249,0
"45",-3.84257874757557,0
"46",-3.83900099183865,0
"47",-3.83542323610173,0
"48",-3.83184548036481,0
"49",-3.8282677246279,0
"50",-3.82468996889098,0
"51",-3.82111221315406,0
"52",-3.81753445741714,0
"53",-3.81395670168022,0
"54",-3.8103789459433,0
"55",-3.80680119020638,0
"56",-3.80322343446946,0
"57",-3.79964567873255,0
"58",-3.79606792299563,0
"59",-3.79249016725871,0
"60",-3.78891241152179,0
"61",-3.78533465578487,0
"62",-3.78175690004795,0
"63",-3.77817914431103,0
"64",-3.77460138857411,0
"65",-3.77102363283719,0
"66",-3.76744587710028,0
"67",-3.76386812136336,0
"68",-3.76029036562644,0
"69",-3.75671260988952,0
"70",-3.7531348541526,0
"71",-3.74955709841568,0
"72",-3.74597934267876,0
"73",-3.74240158694184,0
"74",-3.73882383120492,0
"75",-3.73524607546801,0
"76",-3.73166831973109,0
"77",-3.72809056399417,0
"78",-3.72451280825725,0
"79",-3.72093505252033,0
"80",-3.71735729678341,0
"81",-3.71377954104649,0
"82",-3.71020178530957,0
"83",-3.70662402957266,0
"84",-3.70304627383574,0
"85",-3.69946851809882,0
"86",-3.6958907623619,0
"87",-3.69231300662498,0
"88",-3.68873525088806,0
"89",-3.68515749515114,0
"90",-3.68157973941422,0
"91",-3.6780019836773,0
"92",-3.67442422794039,0
"93",-3.67084647220347,0
"94",-3.66726871646655,0
"95",-3.66369096072963,0
"96",-3.66011320499271,0
"97",-3.65653544925579,0
"98",-3.65295769351887,0
"99",-3.64937993778195,0
"100",-3.64580218204504,0
"101",-3.64222442630812,0
"102",-3.6386466705712,0
"103",-3.63506891483428,0
"104",-3.63149115909736,0
"105",-3.62791340336044,0
"106",-3.62433564762352,0
"107",-3.6207578918866,0
"108",-3.61718013614968,0
"109",-3.61360238041277,0
"110",-3.61002462467585,0
"111",-3.60644686893893,0
"112",-3.60286911320201,0
"113",-3.59929135746509,0
"114",-3.59571360172817,0
"115",-3.59213584599125,0
"116",-3.58855809025433,0
"117",-3.58498033451741,0
"118",-3.5814025787805,0
"119",-3.57782482304358,0
"120",-3.57424706730666,0
"121",-3.57066931156974,0
"122",-3.56709155583282,0
"123",-3.5635138000959,0
"124",-3.55993604435898,0
"125",-3.55635828862206,0
"126",-3.55278053288515,0
"127",-3.54920277714823,0
"128",-3.54562502141131,0
"129",-3.54204726567439,0
"130",-3.53846950993747,0
"131",-3.53489175420055,0
"132",-3.53131399846363,0
"133",-3.52773624272671,0
"134",-3.52415848698979,0
"135",-3.52058073125288,0
"136",-3.51700297551596,0
"137",-3.51342521977904,0
"138",-3.50984746404212,0
"139",-3.5062697083052,0
"140",-3.50269195256828,0
"141",-3.49911419683136,0
"142",-3.49553644109444,0
"143",-3.49195868535752,0
"144",-3.48838092962061,0
"145",-3.48480317388369,0
"146",-3.48122541814677,0
"147",-3.47764766240985,0
"148",-3.47406990667293,0
"149",-3.47049215093601,0
"150",-3.46691439519909,0
"151",-3.46333663946217,0
"152",-3.45975888372526,0
"153",-3.45618112798834,0
"154",-3.45260337225142,0
"155",-3.4490256165145,0
"156",-3.44544786077758,0
"157",-3.44187010504066,0
"158",-3.43829234930374,0
"159",-3.43471459356682,0
"160",-3.4311368378299,0
"161",-3.42755908209299,0
"162",-3.42398132635607,0
"163",-3.42040357061915,0
"164",-3.41682581488223,0
"165",-3.41324805914531,0
"166",-3.40967030340839,0
"167",-3.40609254767147,0
"168",-3.40251479193455,0
"169",-3.39893703619764,0
"170",-3.39535928046072,0
"171",-3.3917815247238,0
"172",-3.38820376898688,0
"173",-3.38462601324996,0
"174",-3.38104825751304,0
"175",-3.37747050177612,0
"176",-3.3738927460392,0
"177",-3.37031499030228,0
"178",-3.36673723456537,0
"179",-3.36315947882845,0
"180",-3.35958172309153,0
"181",-3.35600396735461,0
"182",-3.35242621161769,0
"183",-3.34884845588077,0
"184",-3.34527070014385,0
"185",-3.34169294440693,0
"186",-3.33811518867001,0
"187",-3.3345374329331,0
"188",-3.33095967719618,0
"189",-3.32738192145926,0
"190",-3.32380416572234,0
"191",-3.32022640998542,0
"192",-3.3166486542485,0
"193",-3.31307089851158,0
"194",-3.30949314277466,0
"195",-3.30591538703775,0
"196",-3.30233763130083,0
"197",-3.29875987556391,0
"198",-3.29518211982699,0
"199",-3.29160436409007,0
"200",-3.28802660835315,0
"201",-3.28444885261623,0
"202",-3.28087109687931,0
"203",-3.27729334114239,0
"204",-3.27371558540548,0
"205",-3.27013782966856,0
"206",-3.26656007393164,0
"207",-3.26298231819472,0
"208",-3.2594045624578,0
"209",-3.25582680672088,0
"210",-3.25224905098396,0
"211",-3.24867129524704,0
"212",-3.24509353951013,0
"213",-3.24151578377321,0
"214",-3.23793802803629,0
"215",-3.23436027229937,0
"216",-3.23078251656245,0
"217",-3.22720476082553,0
"218",-3.22362700508861,0
"219",-3.22004924935169,0
"220",-3.21647149361477,0
"221",-3.21289373787786,0
"222",-3.20931598214094,0
"223",-3.20573822640402,0
"224",-3.2021604706671,0
"225",-3.19858271493018,0
"226",-3.19500495919326,0
"227",-3.19142720345634,0
"228",-3.18784944771942,0
"229",-3.1842716919825,0
"230",-3.18069393624559,0
"231",-3.17711618050867,0
"232",-3.17353842477175,0
"233",-3.16996066903483,0
"234",-3.16638291329791,0
"235",-3.16280515756099,0
"236",-3.15922740182407,0
"237",-3.15564964608715,0
"238",-3.15207189035024,0
"239",-3.14849413461332,0
"240",-3.1449163788764,0
"241",-3.14133862313948,0
"242",-3.13776086740256,0
"243",-3.13418311166564,0
"244",-3.13060535592872,0
"245",-3.1270276001918,0
"246",-3.12344984445488,0
"247",-3.11987208871797,0
"248",-3.11629433298105,0
"249",-3.11271657724413,0
"250",-3.10913882150721,0
"251",-3.10556106577029,0
"252",-3.10198331003337,0
"253",-3.09840555429645,0
"254",-3.09482779855953,0
"255",-3.09125004282262,0
"256",-3.0876722870857,0
"257",-3.08409453134878,0
"258",-3.08051677561186,0
"259",-3.07693901987494,0
"260",-3.07336126413802,0
"261",-3.0697835084011,0
"262",-3.06620575266418,0
"263",-3.06262799692726,0
"264",-3.05905024119035,0
"265",-3.05547248545343,0
"266",-3.05189472971651,0
"267",-3.04831697397959,0
"268",-3.04473921824267,0
"269",-3.04116146250575,0
"270",-3.03758370676883,0
"271",-3.03400595103191,0
"272",-3.03042819529499,0
"273",-3.02685043955808,0
"274",-3.02327268382116,0
"275",-3.01969492808424,0
"276",-3.01611717234732,0
"277",-3.0125394166104,0
"278",-3.00896166087348,0
"279",-3.00538390513656,0
"280",-3.00180614939964,0
"281",-2.99822839366273,0
"282",-2.99465063792581,0
"283",-2.99107288218889,0
"284",-2.98749512645197,0
"285",-2.98391737071505,0
"286",-2.98033961497813,0
"287",-2.97676185924121,0
"288",-2.97318410350429,0
"289",-2.96960634776737,0
"290",-2.96602859203046,0
"291",-2.96245083629354,0
"292",-2.95887308055662,0
"293",-2.9552953248197,0
"294",-2.95171756908278,0
"295",-2.94813981334586,0
"296",-2.94456205760894,0
"297",-2.94098430187202,0
"298",-2.93740654613511,0
"299",-2.93382879039819,0
"300",-2.93025103466127,0
"301",-2.92667327892435,0
"302",-2.92309552318743,0
"303",-2.91951776745051,0
"304",-2.91594001171359,0
"305",-2.91236225597667,0
"306",-2.90878450023975,0
"307",-2.90520674450284,0
"308",-2.90162898876592,0
"309",-2.898051233029,0
"310",-2.89447347729208,0
"311",-2.89089572155516,0
"312",-2.88731796581824,0
"313",-2.88374021008132,0
"314",-2.8801624543444,0
"315",-2.87658469860749,0
"316",-2.87300694287057,0
"317",-2.86942918713365,0
"318",-2.86585143139673,0
"319",-2.86227367565981,0
"320",-2.85869591992289,0
"321",-2.85511816418597,0
"322",-2.85154040844905,0
"323",-2.84796265271213,0
"324",-2.84438489697522,0
"325",-2.8408071412383,0
"326",-2.83722938550138,0
"327",-2.83365162976446,0
"328",-2.83007387402754,0
"329",-2.82649611829062,0
"330",-2.8229183625537,0
"331",-2.81934060681678,0
"332",-2.81576285107986,0
"333",-2.81218509534295,0
"334",-2.80860733960603,0
"335",-2.80502958386911,0
"336",-2.80145182813219,0
"337",-2.79787407239527,0
"338",-2.79429631665835,0
"339",-2.79071856092143,0
"340",-2.78714080518451,0
"341",-2.7835630494476,0
"342",-2.77998529371068,0
"343",-2.77640753797376,0
"344",-2.77282978223684,0
"345",-2.76925202649992,0
"346",-2.765674270763,0
"347",-2.76209651502608,0
"348",-2.75851875928916,0
"349",-2.75494100355224,0
"350",-2.75136324781533,0
"351",-2.74778549207841,0
"352",-2.74420773634149,0
"353",-2.74062998060457,0
"354",-2.73705222486765,0
"355",-2.73347446913073,0
"356",-2.72989671339381,0
"357",-2.72631895765689,0
"358",-2.72274120191998,0
"359",-2.71916344618306,0
"360",-2.71558569044614,0
"361",-2.71200793470922,0
"362",-2.7084301789723,0
"363",-2.70485242323538,0
"364",-2.70127466749846,0
"365",-2.69769691176154,0
"366",-2.69411915602462,0
"367",-2.69054140028771,0
"368",-2.68696364455079,0
"369",-2.68338588881387,0
"370",-2.67980813307695,0
"371",-2.67623037734003,0
"372",-2.67265262160311,0
"373",-2.66907486586619,0
"374",-2.66549711012927,0
"375",-2.66191935439235,0
"376",-2.65834159865544,0
"377",-2.65476384291852,0
"378",-2.6511860871816,0
"379",-2.64760833144468,0
"380",-2.64403057570776,0
"381",-2.64045281997084,0
"382",-2.63687506423392,0
"383",-2.633297308497,0
"384",-2.62971955276009,0
"385",-2.62614179702317,0
"386",-2.62256404128625,0
"387",-2.61898628554933,0
"388",-2.61540852981241,0
"389",-2.61183077407549,0
"390",-2.60825301833857,0
"391",-2.60467526260165,0
"392",-2.60109750686473,0
"393",-2.59751975112782,0
"394",-2.5939419953909,0
"395",-2.59036423965398,0
"396",-2.58678648391706,0
"397",-2.58320872818014,0
"398",-2.57963097244322,0
"399",-2.5760532167063,0
"400",-2.57247546096938,0
"401",-2.56889770523247,0
"402",-2.56531994949555,0
"403",-2.56174219375863,0
"404",-2.55816443802171,0
"405",-2.55458668228479,0
"406",-2.55100892654787,0
"407",-2.54743117081095,0
"408",-2.54385341507403,0
"409",-2.54027565933711,0
"410",-2.5366979036002,0
"411",-2.53312014786328,0
"412",-2.52954239212636,0
"413",-2.52596463638944,0
"414",-2.52238688065252,0
"415",-2.5188091249156,0
"416",-2.51523136917868,0
"417",-2.51165361344176,0
"418",-2.50807585770484,0
"419",-2.50449810196793,0
"420",-2.50092034623101,0
"421",-2.49734259049409,0
"422",-2.49376483475717,0
"423",-2.49018707902025,0
"424",-2.48660932328333,0
"425",-2.48303156754641,0
"426",-2.47945381180949,0
"427",-2.47587605607258,0
"428",-2.47229830033566,0
"429",-2.46872054459874,0
"430",-2.46514278886182,0
"431",-2.4615650331249,0
"432",-2.45798727738798,0
"433",-2.45440952165106,0
"434",-2.45083176591414,0
"435",-2.44725401017722,0
"436",-2.44367625444031,0
"437",-2.44009849870339,0
"438",-2.43652074296647,0
"439",-2.43294298722955,0
"440",-2.42936523149263,0
"441",-2.42578747575571,0
"442",-2.42220972001879,0
"443",-2.41863196428187,0
"444",-2.41505420854496,0
"445",-2.41147645280804,0
"446",-2.40789869707112,0
"447",-2.4043209413342,0
"448",-2.40074318559728,0
"449",-2.39716542986036,0
"450",-2.39358767412344,0
"451",-2.39000991838652,0
"452",-2.3864321626496,0
"453",-2.38285440691269,0
"454",-2.37927665117577,0
"455",-2.37569889543885,0
"456",-2.37212113970193,0
"457",-2.36854338396501,0
"458",-2.36496562822809,0
"459",-2.36138787249117,0
"460",-2.35781011675425,0
"461",-2.35423236101733,0
"462",-2.35065460528042,0
"463",-2.3470768495435,0
"464",-2.34349909380658,0
"465",-2.33992133806966,0
"466",-2.33634358233274,0
"467",-2.33276582659582,0
"468",-2.3291880708589,0
"469",-2.32561031512198,0
"470",-2.32203255938507,0
"471",-2.31845480364815,0
"472",-2.31487704791123,0
"473",-2.31129929217431,0
"474",-2.30772153643739,0
"475",-2.30414378070047,0
"476",-2.30056602496355,0
"477",-2.29698826922663,0
"478",-2.29341051348971,0
"479",-2.2898327577528,0
"480",-2.28625500201588,0
"481",-2.28267724627896,0
"482",-2.27909949054204,0
"483",-2.27552173480512,0
"484",-2.2719439790682,0
"485",-2.26836622333128,0
"486",-2.26478846759436,0
"487",-2.26121071185745,0
"488",-2.25763295612053,0
"489",-2.25405520038361,0
"490",-2.25047744464669,0
"491",-2.24689968890977,0
"492",-2.24332193317285,0
"493",-2.23974417743593,0
"494",-2.23616642169901,0
"495",-2.23258866596209,0
"496",-2.22901091022518,0
"497",-2.22543315448826,0
"498",-2.22185539875134,0
"499",-2.21827764301442,0
"500",-2.2146998872775,0
"501",-2.2146998871775,0.0332771881184298
"502",-2.20544874960699,0.0337208513134802
"503",-2.19619761203649,0.0341704295825429
"504",-2.18694647446598,0.0346260017874684
"505",-2.17769533689548,0.0350876478415213
"506",-2.16844419932497,0.0355554487233979
"507",-2.15919306175447,0.0360294864914308
"508",-2.14994192418396,0.0365098442979836
"509",-2.14069078661346,0.0369966064040362
"510",-2.13143964904295,0.0374898581939657
"511",-2.12218851147244,0.0379896861905238
"512",-2.11293737390194,0.0384961780700139
"513",-2.10368623633143,0.0390094226776709
"514",-2.09443509876093,0.0395295100432456
"515",-2.08518396119042,0.0400565313967971
"516",-2.07593282361992,0.0405905791846959
"517",-2.06668168604941,0.04113174708584
"518",-2.05743054847891,0.0416801300280875
"519",-2.0481794109084,0.0422358242049082
"520",-2.03892827333789,0.042798927092257
"521",-2.02967713576739,0.0433695374656726
"522",-2.02042599819688,0.0439477554176041
"523",-2.01117486062638,0.0445336823749683
"524",-2.00192372305587,0.0451274211169413
"525",-1.99267258548537,0.0457290757929877
"526",-1.98342144791486,0.046338751941129
"527",-1.97417031034436,0.0469565565064571
"528",-1.96491917277385,0.0475825978598935
"529",-1.95566803520334,0.0482169858171989
"530",-1.94641689763284,0.0488598316582365
"531",-1.93716576006233,0.0495112481464918
"532",-1.92791462249183,0.0501713495488528
"533",-1.91866348492132,0.0508402516556539
"534",-1.90941234735082,0.051518071800987
"535",-1.90016120978031,0.0522049288832837
"536",-1.89091007220981,0.052900943386171
"537",-1.8816589346393,0.0536062373996063
"538",-1.87240779706879,0.0543209346412932
"539",-1.86315665949829,0.0550451604783835
"540",-1.85390552192778,0.0557790419494678
"541",-1.84465438435728,0.05652270778686
"542",-1.83540324678677,0.0572762884391787
"543",-1.82615210921627,0.0580399160942293
"544",-1.81690097164576,0.0588137247021916
"545",-1.80764983407526,0.0595978499991165
"546",-1.79839869650475,0.0603924295307356
"547",-1.78914755893424,0.0611976026765887
"548",-1.77989642136374,0.0620135106744727
"549",-1.77064528379323,0.0628402966452168
"550",-1.76139414622273,0.0636781056177872
"551",-1.75214300865222,0.0645270845547274
"552",-1.74289187108172,0.0653873823779374
"553",-1.73364073351121,0.0662591499947966
"554",-1.7243895959407,0.0671425403246344
"555",-1.7151384583702,0.0680377083255548
"556",-1.70588732079969,0.0689448110216178
"557",-1.69663618322919,0.0698640075303834
"558",-1.68738504565868,0.070795459090823
"559",-1.67813390808818,0.0717393290916029
"560",-1.66888277051767,0.0726957830997444
"561",-1.65963163294717,0.0736649888896669
"562",-1.65038049537666,0.0746471164726174
"563",-1.64112935780615,0.0756423381264926
"564",-1.63187822023565,0.076650828426059
"565",-1.62262708266514,0.0776727642735753
"566",-1.61337594509464,0.0787083249298233
"567",-1.60412480752413,0.0797576920455529
"568",-1.59487366995363,0.0808210496933459
"569",-1.58562253238312,0.0818985843999041
"570",-1.57637139481262,0.0829904851787696
"571",-1.56712025724211,0.0840969435634792
"572",-1.5578691196716,0.0852181536411625
"573",-1.5486179821011,0.0863543120865869
"574",-1.53936684453059,0.0875056181966574
"575",-1.53011570696009,0.0886722739253753
"576",-1.52086456938958,0.0898544839192639
"577",-1.51161343181908,0.0910524555532658
"578",-1.50236229424857,0.0922663989671197
"579",-1.49311115667807,0.0934965271022212
"580",-1.48386001910756,0.0947430557389757
"581",-1.47460888153705,0.0960062035346487
"582",-1.46535774396655,0.0972861920617217
"583",-1.45610660639604,0.0985832458467585
"584",-1.44685546882554,0.09989759240979
"585",-1.43760433125503,0.101229462304224
"586",-1.42835319368453,0.102579089157289
"587",-1.41910205611402,0.103946709711013
"588",-1.40985091854352,0.105332563863751
"589",-1.40059978097301,0.106736894712268
"590",-1.3913486434025,0.108159948594383
"591",-1.382097505832,0.109601975132175
"592",-1.37284636826149,0.111063227275773
"593",-1.36359523069099,0.112543961347727
"594",-1.35434409312048,0.114044437087969
"595",-1.34509295554998,0.115564917699375
"596",-1.33584181797947,0.117105669893934
"597",-1.32659068040897,0.118666963939535
"598",-1.31733954283846,0.120249073707373
"599",-1.30808840526795,0.12185227671999
"600",-1.29883726769745,0.123476854199954
"601",-1.28958613012694,0.125123091119197
"602",-1.28033499255644,0.126791276248991
"603",-1.27108385498593,0.128481702210612
"604",-1.26183271741543,0.130194665526665
"605",-1.25258157984492,0.131930466673099
"606",-1.24333044227442,0.133689410131914
"607",-1.23407930470391,0.135471804444572
"608",-1.2248281671334,0.137277962266117
"609",-1.2155770295629,0.139108200420021
"610",-1.20632589199239,0.140962839953758
"611",-1.19707475442189,0.142842206195121
"612",-1.18782361685138,0.144746628809287
"613",-1.17857247928088,0.146676441856644
"614",-1.16932134171037,0.148631983851393
"615",-1.16007020413987,0.150613597820923
"616",-1.15081906656936,0.152621631365989
"617",-1.14156792899885,0.154656436721678
"618",-1.13231679142835,0.1567183708192
"619",-1.12306565385784,0.158807795348499
"620",-1.11381451628734,0.160925076821695
"621",-1.10456337871683,0.163070586637379
"622",-1.09531224114633,0.165244701145756
"623",-1.08606110357582,0.167447801714667
"624",-1.07680996600532,0.169680274796482
"625",-1.06755882843481,0.171942511995891
"626",-1.0583076908643,0.174234910138595
"627",-1.0490565532938,0.176557871340914
"628",-1.03980541572329,0.178911803080328
"629",-1.03055427815279,0.181297118266946
"630",-1.02130314058228,0.183714235315943
"631",-1.01205200301178,0.186163578220952
"632",-1.00280086544127,0.188645576628437
"633",-0.993549727870765,0.191160665913062
"634",-0.98429859030026,0.193709287254057
"635",-0.975047452729754,0.196291887712612
"636",-0.965796315159249,0.198908920310291
"637",-0.956545177588743,0.201560844108505
"638",-0.947294040018238,0.204248124289029
"639",-0.938042902447732,0.206971232235609
"640",-0.928791764877226,0.209730645616642
"641",-0.919540627306721,0.212526848468972
"642",-0.910289489736215,0.215360331282789
"643",-0.90103835216571,0.218231591087674
"644",-0.891787214595204,0.221141131539779
"645",-0.882536077024699,0.224089463010179
"646",-0.873284939454193,0.227077102674396
"647",-0.864033801883688,0.230104574603117
"648",-0.854782664313182,0.233172409854125
"649",-0.845531526742676,0.236281146565451
"650",-0.836280389172171,0.239431330049774
"651",-0.827029251601665,0.242623512890073
"652",-0.81777811403116,0.245858255036557
"653",-0.808526976460654,0.249136123904889
"654",-0.799275838890149,0.252457694475718
"655",-0.790024701319643,0.255823549395537
"656",-0.780773563749138,0.259234279078887
"657",-0.771522426178632,0.262690481811925
"658",-0.762271288608126,0.266192763857368
"659",-0.753020151037621,0.269741739560842
"660",-0.743769013467115,0.273338031458647
"661",-0.73451787589661,0.276982270386952
"662",-0.725266738326104,0.280675095592461
"663",-0.716015600755598,0.284417154844536
"664",-0.706764463185093,0.288209104548832
"665",-0.697513325614587,0.292051609862432
"666",-0.688262188044082,0.295945344810531
"667",-0.679011050473576,0.299890992404662
"668",-0.669759912903071,0.303889244762511
"669",-0.660508775332565,0.307940803229318
"670",-0.65125763776206,0.312046378500909
"671",-0.642006500191554,0.316206690748354
"672",-0.632755362621048,0.320422469744297
"673",-0.623504225050543,0.32469445499097
"674",-0.614253087480037,0.329023395849908
"675",-0.605001949909532,0.333410051673399
"676",-0.595750812339026,0.337855191937681
"677",-0.58649967476852,0.3412682368075
"678",-0.577248537198015,0.342453723268246
"679",-0.567997399627509,0.343643327833161
"680",-0.558746262057004,0.344837064807581
"681",-0.549495124486498,0.346034948546534
"682",-0.540243986915993,0.347236993454916
"683",-0.530992849345487,0.348443213987661
"684",-0.521741711774982,0.349653624649918
"685",-0.512490574204476,0.35086823999722
"686",-0.503239436633971,0.352087074635667
"687",-0.493988299063465,0.353310143222093
"688",-0.484737161492959,0.35453746046425
"689",-0.475486023922454,0.355769041120977
"690",-0.466234886351948,0.357004900002387
"691",-0.456983748781443,0.358245051970036
"692",-0.447732611210937,0.359489511937107
"693",-0.438481473640432,0.360738294868588
"694",-0.429230336069926,0.361991415781451
"695",-0.41997919849942,0.363248889744835
"696",-0.410728060928915,0.364510731880224
"697",-0.401476923358409,0.365776957361631
"698",-0.392225785787904,0.367047581415782
"699",-0.382974648217398,0.368322619322294
"700",-0.373723510646893,0.369602086413863
"701",-0.364472373076387,0.370885998076449
"702",-0.355221235505881,0.372174369749457
"703",-0.345970097935376,0.373467216925925
"704",-0.33671896036487,0.374764555152711
"705",-0.327467822794365,0.376066400030679
"706",-0.318216685223859,0.377372767214887
"707",-0.308965547653354,0.378683672414776
"708",-0.299714410082848,0.379999131394354
"709",-0.290463272512343,0.381319159972395
"710",-0.281212134941837,0.382643774022619
"711",-0.271960997371332,0.38397298947389
"712",-0.262709859800826,0.385306822310406
"713",-0.25345872223032,0.386645288571887
"714",-0.244207584659815,0.387988404353775
"715",-0.234956447089309,0.389336185807422
"716",-0.225705309518804,0.390688649140286
"717",-0.216454171948298,0.392045810616127
"718",-0.207203034377792,0.393407686555199
"719",-0.197951896807287,0.394774293334451
"720",-0.188700759236781,0.396145647387722
"721",-0.179449621666276,0.397521765205938
"722",-0.17019848409577,0.398902663337308
"723",-0.160947346525265,0.40028835838753
"724",-0.151696208954759,0.401678867019983
"725",-0.142445071384254,0.403074205955931
"726",-0.133193933813748,0.404474391974727
"727",-0.123942796243242,0.405879441914007
"728",-0.114691658672737,0.4072893726699
"729",-0.105440521102231,0.408704201197228
"730",-0.0961893835317258,0.410123944509708
"731",-0.0869382459612202,0.411548619680162
"732",-0.0776871083907147,0.412978243840716
"733",-0.0684359708202091,0.41441283418301
"734",-0.0591848332497036,0.415852407958405
"735",-0.049933695679198,0.416880038079638
"736",-0.0406825581086925,0.417704169235609
"737",-0.0314314205381869,0.418529929618457
"738",-0.0221802829676814,0.419357322449004
"739",-0.0129291453971754,0.42018635095444
"740",-0.00367800782666983,0.421017018368334
"741",0.00557312974383573,0.421849327930649
"742",0.0148242673143413,0.422683282887751
"743",0.0240754048848468,0.423518886492425
"744",0.0333265424553524,0.424356142003888
"745",0.0425776800258579,0.425195052687797
"746",0.0518288175963635,0.426035621816267
"747",0.061079955166869,0.42687785266788
"748",0.0703310927373746,0.427721748527703
"749",0.0795822303078801,0.428567312687292
"750",0.0888333678783857,0.429414548444714
"751",0.0980845054488912,0.430263459104556
"752",0.107335643019397,0.431114047977934
"753",0.116586780589902,0.431966318382515
"754",0.125837918160408,0.432820273642521
"755",0.135089055730913,0.433675917088746
"756",0.144340193301419,0.434533252058571
"757",0.153591330871925,0.435392281895972
"758",0.16284246844243,0.436253009951536
"759",0.172093606012936,0.437115439582477
"760",0.181344743583441,0.437979574152642
"761",0.190595881153947,0.438845417032529
"762",0.199847018724452,0.439712971599301
"763",0.209098156294958,0.440582241236795
"764",0.218349293865463,0.441453229335538
"765",0.227600431435969,0.442325939292762
"766",0.236851569006475,0.443200374512411
"767",0.24610270657698,0.444076538405162
"768",0.255353844147486,0.444954434388433
"769",0.264604981717991,0.445834065886397
"770",0.273856119288497,0.446715436329998
"771",0.283107256859002,0.447598549156961
"772",0.292358394429508,0.448483407811809
"773",0.301609532000013,0.449370015745872
"774",0.310860669570519,0.450258376417306
"775",0.320111807141024,0.4511484932911
"776",0.32936294471153,0.452040369839096
"777",0.338614082282036,0.452934009539998
"778",0.347865219852542,0.453829415879387
"779",0.357116357423047,0.454726592349735
"780",0.366367494993553,0.455625542450417
"781",0.375618632564058,0.456526269687729
"782",0.384869770134564,0.457428777574896
"783",0.394120907705069,0.458333069632088
"784",0.403372045275575,0.459239149386437
"785",0.41262318284608,0.460147020372044
"786",0.421874320416586,0.46105668613
"787",0.431125457987092,0.461968150208393
"788",0.440376595557597,0.462881416162328
"789",0.449627733128103,0.463796487553938
"790",0.458878870698608,0.464713367952395
"791",0.468130008269114,0.465632060933931
"792",0.477381145839619,0.466552570081845
"793",0.486632283410125,0.467474898986521
"794",0.49588342098063,0.46839905124544
"795",0.505134558551136,0.469325030463196
"796",0.514385696121642,0.470252840251507
"797",0.523636833692147,0.471182484229235
"798",0.532887971262653,0.472113966022391
"799",0.542139108833158,0.473047289264158
"800",0.551390246403664,0.4739824575949
"801",0.560641383974169,0.474919474662178
"802",0.569892521544675,0.475858344120763
"803",0.57914365911518,0.476799069632653
"804",0.588394796685686,0.477741654867083
"805",0.597645934256192,0.475578100551421
"806",0.606897071826697,0.468911117408351
"807",0.616148209397203,0.462337596651751
"808",0.625399346967708,0.455856228061165
"809",0.634650484538214,0.449465719783717
"810",0.643901622108719,0.443164798076617
"811",0.653152759679225,0.436952207053286
"812",0.662403897249731,0.430826708433031
"813",0.671655034820236,0.424787081294235
"814",0.680906172390742,0.418832121831008
"815",0.690157309961247,0.412960643113241
"816",0.699408447531753,0.407171474850038
"817",0.708659585102259,0.401463463156445
"818",0.717910722672764,0.395835470323472
"819",0.72716186024327,0.390286374591319
"820",0.736412997813775,0.38481506992579
"821",0.745664135384281,0.379420465797847
"822",0.754915272954786,0.374101486966238
"823",0.764166410525292,0.36885707326319
"824",0.773417548095797,0.363686179383097
"825",0.782668685666303,0.358587774674169
"826",0.791919823236809,0.353560842933007
"827",0.801170960807314,0.348604382202055
"828",0.81042209837782,0.343717404569892
"829",0.819673235948325,0.338898935974324
"830",0.828924373518831,0.334148016008234
"831",0.838175511089336,0.329463697728157
"832",0.847426648659842,0.32484504746554
"833",0.856677786230347,0.320291144640638
"834",0.865928923800853,0.315801081579035
"835",0.875180061371359,0.311373963330719
"836",0.884431198941864,0.30700890749171
"837",0.89368233651237,0.302705044028178
"838",0.902933474082875,0.298461515103028
"839",0.912184611653381,0.29427747490492
"840",0.921435749223886,0.290152089479684
"841",0.930686886794392,0.286084536564097
"842",0.939938024364897,0.282074005421989
"843",0.949189161935403,0.278119696682655
"844",0.958440299505908,0.274220822181519
"845",0.967691437076414,0.270376604803042
"846",0.97694257464692,0.26658627832583
"847",0.986193712217425,0.26284908726991
"848",0.995444849787931,0.259164286746152
"849",1.00469598735844,0.255531142307796
"850",1.01394712492894,0.251948929804066
"851",1.02319826249945,0.248416935235833
"852",1.03244940006995,0.244934454613303
"853",1.04170053764046,0.241500793815696
"854",1.05095167521096,0.2381152684529
"855",1.06020281278147,0.234777203729057
"856",1.06945395035198,0.231485934308064
"857",1.07870508792248,0.228240804180962
"858",1.08795622549299,0.225041166535177
"859",1.09720736306349,0.221886383625604
"860",1.106458500634,0.21877582664749
"861",1.1157096382045,0.215708875611101
"862",1.12496077577501,0.212684919218151
"863",1.13421191334551,0.209703354739954
"864",1.14346305091602,0.206763587897294
"865",1.15271418848653,0.203865032741971
"866",1.16196532605703,0.201007111540015
"867",1.17121646362754,0.198189254656528
"868",1.18046760119804,0.195410900442151
"869",1.18971873876855,0.192671495121113
"870",1.19896987633905,0.189970492680855
"871",1.20822101390956,0.187307354763202
"872",1.21747215148006,0.184681550557055
"873",1.22672328905057,0.182092556692594
"874",1.23597442662108,0.179539857136958
"875",1.24522556419158,0.177022943091392
"876",1.25447670176209,0.174541312889837
"877",1.26372783933259,0.172094471898932
"878",1.2729789769031,0.169681932419433
"879",1.2822301144736,0.167303213588998
"880",1.29148125204411,0.16495784128635
"881",1.30073238961461,0.16264534803677
"882",1.30998352718512,0.160365272918924
"883",1.31923466475563,0.158117161472992
"884",1.32848580232613,0.155900565610088
"885",1.33773693989664,0.153715043522943
"886",1.34698807746714,0.151560159597852
"887",1.35623921503765,0.149435484327842
"888",1.36549035260815,0.147340594227068
"889",1.37474149017866,0.145275071746401
"890",1.38399262774916,0.143238505190207
"891",1.39324376531967,0.141230488634284
"892",1.40249490289018,0.139250621844958
"893",1.41174604046068,0.137298510199309
"894",1.42099717803119,0.135373764606511
"895",1.43024831560169,0.133476001430286
"896",1.4394994531722,0.131604842412434
"897",1.4487505907427,0.129759914597438
"898",1.45800172831321,0.127940850258134
"899",1.46725286588371,0.126147286822408
"900",1.47650400345422,0.124378866800936
"901",1.48575514102473,0.122635237715924
"902",1.49500627859523,0.120916052030859
"903",1.50425741616574,0.119220967081234
"904",1.51350855373624,0.117549645006249
"905",1.52275969130675,0.115901752681472
"906",1.53201082887725,0.114276961652441
"907",1.54126196644776,0.112674948069194
"908",1.55051310401826,0.111095392621724
"909",1.55976424158877,0.109537980476331
"910",1.56901537915928,0.108002401212873
"911",1.57826651672978,0.106488348762892
"912",1.58751765430029,0.10499552134861
"913",1.59676879187079,0.103523621422778
"914",1.6060199294413,0.102072355609371
"915",1.6152710670118,0.100641434645113
"916",1.62452220458231,0.0992305733218194
"917",1.63377334215281,0.0978394904295529
"918",1.64302447972332,0.0964679087005708
"919",1.65227561729383,0.095115554754062
"920",1.66152675486433,0.0937821590416569
"921",1.67077789243484,0.0924674557937015
"922",1.68002903000534,0.091171182966285
"923",1.68928016757585,0.0898930821890096
"924",1.69853130514635,0.0886328987134926
"925",1.70778244271686,0.0873903813625904
"926",1.71703358028737,0.0861652824803348
"927",1.72628471785787,0.0849573578825702
"928",1.73553585542838,0.0837663668082838
"929",1.74478699299888,0.0825920718716173
"930",1.75403813056939,0.0814342390145517
"931",1.76328926813989,0.0802926374602556
"932",1.7725404057104,0.0791670396670867
"933",1.7817915432809,0.0780572212832394
"934",1.79104268085141,0.0769629611020267
"935",1.80029381842192,0.0758840410177903
"936",1.80954495599242,0.074820245982428
"937",1.81879609356293,0.073771363962531
"938",1.82804723113343,0.0727371858971214
"939",1.83729836870394,0.071717505655983
"940",1.84654950627444,0.0707121199985756
"941",1.85580064384495,0.0697208285335259
"942",1.86505178141545,0.0687434336786851
"943",1.87430291898596,0.0677797406217485
"944",1.88355405655647,0.0668295572814247
"945",1.89280519412697,0.0658926942691509
"946",1.90205633169748,0.0649689648513444
"947",1.91130746926798,0.0640581849121833
"948",1.92055860683849,0.0631601729169085
"949",1.92980974440899,0.0622747498756412
"950",1.9390608819795,0.0614017393077064
"951",1.94831201955,0.0605409672064575
"952",1.95756315712051,0.0596922620045934
"953",1.96681429469101,0.0588554545399628
"954",1.97606543226152,0.0580303780218459
"955",1.98531656983203,0.057216867997711
"956",1.99456770740253,0.0564147623204359
"957",2.00381884497304,0.0556239011159892
"958",2.01306998254354,0.0548441267515638
"959",2.02232112011405,0.0540752838041593
"960",2.03157225768455,0.0533172190296017
"961",2.04082339525506,0.0525697813320005
"962",2.05007453282557,0.0518328217336318
"963",2.05932567039607,0.0511061933452448
"964",2.06857680796658,0.0503897513367837
"965",2.07782794553708,0.0496833529085207
"966",2.08707908310759,0.0489868572625937
"967",2.09633022067809,0.0483001255749425
"968",2.1055813582486,0.0476230209676384
"969",2.1148324958191,0.0469554084816027
"970",2.12408363338961,0.0462971550497062
"971",2.13333477096011,0.0456481294702471
"972",2.14258590853062,0.0450082023807996
"973",2.15183704610113,0.0443772462324305
"974",2.16108818367163,0.0437551352642753
"975",2.17033932124214,0.0431417454784727
"976",2.17959045881264,0.0425369546154491
"977",2.18884159638315,0.0419406421295506
"978",2.19809273395365,0.0413526891650154
"979",2.20734387152416,0.0407729785322842
"980",2.21659500909467,0.0402013946846422
"981",2.22584614666517,0.0396378236951883
"982",2.23509728423568,0.0390821532341276
"983",2.24434842180618,0.0385342725463821
"984",2.25359955937669,0.0379940724295153
"985",2.26285069694719,0.0374614452119659
"986",2.2721018345177,0.0369362847315871
"987",2.2813529720882,0.0364184863144868
"988",2.29060410965871,0.0359079467541638
"989",2.29985524722922,0.035404564290937
"990",2.30910638479972,0.0349082385916635
"991",2.31835752237023,0.0344188707297391
"992",2.32760865994073,0.033936363165382
"993",2.33685979751124,0.0334606197261901
"994",2.34611093508174,0.0329915455879728
"995",2.35536207265225,0.0325290472558507
"996",2.36461321022275,0.0320730325456204
"997",2.37386434779326,0.0316234105653802
"998",2.38311548536377,0.0311800916974145
"999",2.39236662293427,0.0307429875803305
"1000",2.40161776050478,0.0303120110914467
"1001",2.40161776060478,0
"1002",2.40482093142521,0
"1003",2.40802410224564,0
"1004",2.41122727306607,0
"1005",2.4144304438865,0
"1006",2.41763361470693,0
"1007",2.42083678552736,0
"1008",2.4240399563478,0
"1009",2.42724312716823,0
"1010",2.43044629798866,0
"1011",2.43364946880909,0
"1012",2.43685263962952,0
"1013",2.44005581044995,0
"1014",2.44325898127038,0
"1015",2.44646215209081,0
"1016",2.44966532291125,0
"1017",2.45286849373168,0
"1018",2.45607166455211,0
"1019",2.45927483537254,0
"1020",2.46247800619297,0
"1021",2.4656811770134,0
"1022",2.46888434783383,0
"1023",2.47208751865427,0
"1024",2.4752906894747,0
"1025",2.47849386029513,0
"1026",2.48169703111556,0
"1027",2.48490020193599,0
"1028",2.48810337275642,0
"1029",2.49130654357685,0
"1030",2.49450971439728,0
"1031",2.49771288521772,0
"1032",2.50091605603815,0
"1033",2.50411922685858,0
"1034",2.50732239767901,0
"1035",2.51052556849944,0
"1036",2.51372873931987,0
"1037",2.5169319101403,0
"1038",2.52013508096073,0
"1039",2.52333825178117,0
"1040",2.5265414226016,0
"1041",2.52974459342203,0
"1042",2.53294776424246,0
"1043",2.53615093506289,0
"1044",2.53935410588332,0
"1045",2.54255727670375,0
"1046",2.54576044752419,0
"1047",2.54896361834462,0
"1048",2.55216678916505,0
"1049",2.55536995998548,0
"1050",2.55857313080591,0
"1051",2.56177630162634,0
"1052",2.56497947244677,0
"1053",2.5681826432672,0
"1054",2.57138581408764,0
"1055",2.57458898490807,0
"1056",2.5777921557285,0
"1057",2.58099532654893,0
"1058",2.58419849736936,0
"1059",2.58740166818979,0
"1060",2.59060483901022,0
"1061",2.59380800983066,0
"1062",2.59701118065109,0
"1063",2.60021435147152,0
"1064",2.60341752229195,0
"1065",2.60662069311238,0
"1066",2.60982386393281,0
"1067",2.61302703475324,0
"1068",2.61623020557367,0
"1069",2.61943337639411,0
"1070",2.62263654721454,0
"1071",2.62583971803497,0
"1072",2.6290428888554,0
"1073",2.63224605967583,0
"1074",2.63544923049626,0
"1075",2.63865240131669,0
"1076",2.64185557213712,0
"1077",2.64505874295756,0
"1078",2.64826191377799,0
"1079",2.65146508459842,0
"1080",2.65466825541885,0
"1081",2.65787142623928,0
"1082",2.66107459705971,0
"1083",2.66427776788014,0
"1084",2.66748093870057,0
"1085",2.67068410952101,0
"1086",2.67388728034144,0
"1087",2.67709045116187,0
"1088",2.6802936219823,0
"1089",2.68349679280273,0
"1090",2.68669996362316,0
"1091",2.68990313444359,0
"1092",2.69310630526403,0
"1093",2.69630947608446,0
"1094",2.69951264690489,0
"1095",2.70271581772532,0
"1096",2.70591898854575,0
"1097",2.70912215936618,0
"1098",2.71232533018661,0
"1099",2.71552850100704,0
"1100",2.71873167182748,0
"1101",2.72193484264791,0
"1102",2.72513801346834,0
"1103",2.72834118428877,0
"1104",2.7315443551092,0
"1105",2.73474752592963,0
"1106",2.73795069675006,0
"1107",2.7411538675705,0
"1108",2.74435703839093,0
"1109",2.74756020921136,0
"1110",2.75076338003179,0
"1111",2.75396655085222,0
"1112",2.75716972167265,0
"1113",2.76037289249308,0
"1114",2.76357606331351,0
"1115",2.76677923413395,0
"1116",2.76998240495438,0
"1117",2.77318557577481,0
"1118",2.77638874659524,0
"1119",2.77959191741567,0
"1120",2.7827950882361,0
"1121",2.78599825905653,0
"1122",2.78920142987696,0
"1123",2.7924046006974,0
"1124",2.79560777151783,0
"1125",2.79881094233826,0
"1126",2.80201411315869,0
"1127",2.80521728397912,0
"1128",2.80842045479955,0
"1129",2.81162362561998,0
"1130",2.81482679644042,0
"1131",2.81802996726085,0
"1132",2.82123313808128,0
"1133",2.82443630890171,0
"1134",2.82763947972214,0
"1135",2.83084265054257,0
"1136",2.834045821363,0
"1137",2.83724899218343,0
"1138",2.84045216300387,0
"1139",2.8436553338243,0
"1140",2.84685850464473,0
"1141",2.85006167546516,0
"1142",2.85326484628559,0
"1143",2.85646801710602,0
"1144",2.85967118792645,0
"1145",2.86287435874689,0
"1146",2.86607752956732,0
"1147",2.86928070038775,0
"1148",2.87248387120818,0
"1149",2.87568704202861,0
"1150",2.87889021284904,0
"1151",2.88209338366947,0
"1152",2.8852965544899,0
"1153",2.88849972531034,0
"1154",2.89170289613077,0
"1155",2.8949060669512,0
"1156",2.89810923777163,0
"1157",2.90131240859206,0
"1158",2.90451557941249,0
"1159",2.90771875023292,0
"1160",2.91092192105335,0
"1161",2.91412509187379,0
"1162",2.91732826269422,0
"1163",2.92053143351465,0
"1164",2.92373460433508,0
"1165",2.92693777515551,0
"1166",2.93014094597594,0
"1167",2.93334411679637,0
"1168",2.93654728761681,0
"1169",2.93975045843724,0
"1170",2.94295362925767,0
"1171",2.9461568000781,0
"1172",2.94935997089853,0
"1173",2.95256314171896,0
"1174",2.95576631253939,0
"1175",2.95896948335982,0
"1176",2.96217265418026,0
"1177",2.96537582500069,0
"1178",2.96857899582112,0
"1179",2.97178216664155,0
"1180",2.97498533746198,0
"1181",2.97818850828241,0
"1182",2.98139167910284,0
"1183",2.98459484992327,0
"1184",2.98779802074371,0
"1185",2.99100119156414,0
"1186",2.99420436238457,0
"1187",2.997407533205,0
"1188",3.00061070402543,0
"1189",3.00381387484586,0
"1190",3.00701704566629,0
"1191",3.01022021648673,0
"1192",3.01342338730716,0
"1193",3.01662655812759,0
"1194",3.01982972894802,0
"1195",3.02303289976845,0
"1196",3.02623607058888,0
"1197",3.02943924140931,0
"1198",3.03264241222974,0
"1199",3.03584558305018,0
"1200",3.03904875387061,0
"1201",3.04225192469104,0
"1202",3.04545509551147,0
"1203",3.0486582663319,0
"1204",3.05186143715233,0
"1205",3.05506460797276,0
"1206",3.0582677787932,0
"1207",3.06147094961363,0
"1208",3.06467412043406,0
"1209",3.06787729125449,0
"1210",3.07108046207492,0
"1211",3.07428363289535,0
"1212",3.07748680371578,0
"1213",3.08068997453621,0
"1214",3.08389314535665,0
"1215",3.08709631617708,0
"1216",3.09029948699751,0
"1217",3.09350265781794,0
"1218",3.09670582863837,0
"1219",3.0999089994588,0
"1220",3.10311217027923,0
"1221",3.10631534109966,0
"1222",3.1095185119201,0
"1223",3.11272168274053,0
"1224",3.11592485356096,0
"1225",3.11912802438139,0
"1226",3.12233119520182,0
"1227",3.12553436602225,0
"1228",3.12873753684268,0
"1229",3.13194070766311,0
"1230",3.13514387848355,0
"1231",3.13834704930398,0
"1232",3.14155022012441,0
"1233",3.14475339094484,0
"1234",3.14795656176527,0
"1235",3.1511597325857,0
"1236",3.15436290340613,0
"1237",3.15756607422657,0
"1238",3.160769245047,0
"1239",3.16397241586743,0
"1240",3.16717558668786,0
"1241",3.17037875750829,0
"1242",3.17358192832872,0
"1243",3.17678509914915,0
"1244",3.17998826996958,0
"1245",3.18319144079002,0
"1246",3.18639461161045,0
"1247",3.18959778243088,0
"1248",3.19280095325131,0
"1249",3.19600412407174,0
"1250",3.19920729489217,0
"1251",3.2024104657126,0
"1252",3.20561363653304,0
"1253",3.20881680735347,0
"1254",3.2120199781739,0
"1255",3.21522314899433,0
"1256",3.21842631981476,0
"1257",3.22162949063519,0
"1258",3.22483266145562,0
"1259",3.22803583227605,0
"1260",3.23123900309649,0
"1261",3.23444217391692,0
"1262",3.23764534473735,0
"1263",3.24084851555778,0
"1264",3.24405168637821,0
"1265",3.24725485719864,0
"1266",3.25045802801907,0
"1267",3.2536611988395,0
"1268",3.25686436965994,0
"1269",3.26006754048037,0
"1270",3.2632707113008,0
"1271",3.26647388212123,0
"1272",3.26967705294166,0
"1273",3.27288022376209,0
"1274",3.27608339458252,0
"1275",3.27928656540296,0
"1276",3.28248973622339,0
"1277",3.28569290704382,0
"1278",3.28889607786425,0
"1279",3.29209924868468,0
"1280",3.29530241950511,0
"1281",3.29850559032554,0
"1282",3.30170876114597,0
"1283",3.30491193196641,0
"1284",3.30811510278684,0
"1285",3.31131827360727,0
"1286",3.3145214444277,0
"1287",3.31772461524813,0
"1288",3.32092778606856,0
"1289",3.32413095688899,0
"1290",3.32733412770942,0
"1291",3.33053729852986,0
"1292",3.33374046935029,0
"1293",3.33694364017072,0
"1294",3.34014681099115,0
"1295",3.34334998181158,0
"1296",3.34655315263201,0
"1297",3.34975632345244,0
"1298",3.35295949427288,0
"1299",3.35616266509331,0
"1300",3.35936583591374,0
"1301",3.36256900673417,0
"1302",3.3657721775546,0
"1303",3.36897534837503,0
"1304",3.37217851919546,0
"1305",3.37538169001589,0
"1306",3.37858486083633,0
"1307",3.38178803165676,0
"1308",3.38499120247719,0
"1309",3.38819437329762,0
"1310",3.39139754411805,0
"1311",3.39460071493848,0
"1312",3.39780388575891,0
"1313",3.40100705657935,0
"1314",3.40421022739978,0
"1315",3.40741339822021,0
"1316",3.41061656904064,0
"1317",3.41381973986107,0
"1318",3.4170229106815,0
"1319",3.42022608150193,0
"1320",3.42342925232236,0
"1321",3.4266324231428,0
"1322",3.42983559396323,0
"1323",3.43303876478366,0
"1324",3.43624193560409,0
"1325",3.43944510642452,0
"1326",3.44264827724495,0
"1327",3.44585144806538,0
"1328",3.44905461888581,0
"1329",3.45225778970625,0
"1330",3.45546096052668,0
"1331",3.45866413134711,0
"1332",3.46186730216754,0
"1333",3.46507047298797,0
"1334",3.4682736438084,0
"1335",3.47147681462883,0
"1336",3.47467998544927,0
"1337",3.4778831562697,0
"1338",3.48108632709013,0
"1339",3.48428949791056,0
"1340",3.48749266873099,0
"1341",3.49069583955142,0
"1342",3.49389901037185,0
"1343",3.49710218119228,0
"1344",3.50030535201272,0
"1345",3.50350852283315,0
"1346",3.50671169365358,0
"1347",3.50991486447401,0
"1348",3.51311803529444,0
"1349",3.51632120611487,0
"1350",3.5195243769353,0
"1351",3.52272754775573,0
"1352",3.52593071857617,0
"1353",3.5291338893966,0
"1354",3.53233706021703,0
"1355",3.53554023103746,0
"1356",3.53874340185789,0
"1357",3.54194657267832,0
"1358",3.54514974349875,0
"1359",3.54835291431919,0
"1360",3.55155608513962,0
"1361",3.55475925596005,0
"1362",3.55796242678048,0
"1363",3.56116559760091,0
"1364",3.56436876842134,0
"1365",3.56757193924177,0
"1366",3.5707751100622,0
"1367",3.57397828088264,0
"1368",3.57718145170307,0
"1369",3.5803846225235,0
"1370",3.58358779334393,0
"1371",3.58679096416436,0
"1372",3.58999413498479,0
"1373",3.59319730580522,0
"1374",3.59640047662565,0
"1375",3.59960364744609,0
"1376",3.60280681826652,0
"1377",3.60600998908695,0
"1378",3.60921315990738,0
"1379",3.61241633072781,0
"1380",3.61561950154824,0
"1381",3.61882267236867,0
"1382",3.62202584318911,0
"1383",3.62522901400954,0
"1384",3.62843218482997,0
"1385",3.6316353556504,0
"1386",3.63483852647083,0
"1387",3.63804169729126,0
"1388",3.64124486811169,0
"1389",3.64444803893212,0
"1390",3.64765120975256,0
"1391",3.65085438057299,0
"1392",3.65405755139342,0
"1393",3.65726072221385,0
"1394",3.66046389303428,0
"1395",3.66366706385471,0
"1396",3.66687023467514,0
"1397",3.67007340549558,0
"1398",3.67327657631601,0
"1399",3.67647974713644,0
"1400",3.67968291795687,0
"1401",3.6828860887773,0
"1402",3.68608925959773,0
"1403",3.68929243041816,0
"1404",3.69249560123859,0
"1405",3.69569877205903,0
"1406",3.69890194287946,0
"1407",3.70210511369989,0
"1408",3.70530828452032,0
"1409",3.70851145534075,0
"1410",3.71171462616118,0
"1411",3.71491779698161,0
"1412",3.71812096780204,0
"1413",3.72132413862248,0
"1414",3.72452730944291,0
"1415",3.72773048026334,0
"1416",3.73093365108377,0
"1417",3.7341368219042,0
"1418",3.73733999272463,0
"1419",3.74054316354506,0
"1420",3.7437463343655,0
"1421",3.74694950518593,0
"1422",3.75015267600636,0
"1423",3.75335584682679,0
"1424",3.75655901764722,0
"1425",3.75976218846765,0
"1426",3.76296535928808,0
"1427",3.76616853010851,0
"1428",3.76937170092895,0
"1429",3.77257487174938,0
"1430",3.77577804256981,0
"1431",3.77898121339024,0
"1432",3.78218438421067,0
"1433",3.7853875550311,0
"1434",3.78859072585153,0
"1435",3.79179389667196,0
"1436",3.7949970674924,0
"1437",3.79820023831283,0
"1438",3.80140340913326,0
"1439",3.80460657995369,0
"1440",3.80780975077412,0
"1441",3.81101292159455,0
"1442",3.81421609241498,0
"1443",3.81741926323542,0
"1444",3.82062243405585,0
"1445",3.82382560487628,0
"1446",3.82702877569671,0
"1447",3.83023194651714,0
"1448",3.83343511733757,0
"1449",3.836638288158,0
"1450",3.83984145897843,0
"1451",3.84304462979887,0
"1452",3.8462478006193,0
"1453",3.84945097143973,0
"1454",3.85265414226016,0
"1455",3.85585731308059,0
"1456",3.85906048390102,0
"1457",3.86226365472145,0
"1458",3.86546682554189,0
"1459",3.86866999636232,0
"1460",3.87187316718275,0
"1461",3.87507633800318,0
"1462",3.87827950882361,0
"1463",3.88148267964404,0
"1464",3.88468585046447,0
"1465",3.8878890212849,0
"1466",3.89109219210534,0
"1467",3.89429536292577,0
"1468",3.8974985337462,0
"1469",3.90070170456663,0
"1470",3.90390487538706,0
"1471",3.90710804620749,0
"1472",3.91031121702792,0
"1473",3.91351438784835,0
"1474",3.91671755866879,0
"1475",3.91992072948922,0
"1476",3.92312390030965,0
"1477",3.92632707113008,0
"1478",3.92953024195051,0
"1479",3.93273341277094,0
"1480",3.93593658359137,0
"1481",3.9391397544118,0
"1482",3.94234292523224,0
"1483",3.94554609605267,0
"1484",3.9487492668731,0
"1485",3.95195243769353,0
"1486",3.95515560851396,0
"1487",3.95835877933439,0
"1488",3.96156195015482,0
"1489",3.96476512097526,0
"1490",3.96796829179569,0
"1491",3.97117146261612,0
"1492",3.97437463343655,0
"1493",3.97757780425698,0
"1494",3.98078097507741,0
"1495",3.98398414589784,0
"1496",3.98718731671827,0
"1497",3.99039048753871,0
"1498",3.99359365835914,0
"1499",3.99679682917957,0
"1500",4,0
